audio_id,name,plays,hours
6tKLLnhwhZBbSkdumm6O,"GONG Trance Induction",12765,4063.6
Mq0E7pzeLWDRxrrUYkPj,"Crossover",12627,4104.09
rJxWuRLx4SftCDUTwOKj,"Integrated Life Outcomes",10545,2421.07
tY9CFRmsvpHl90AkUxOL,"Something Special",8190,2182.99
jPEDaBfr5ljqd3P20VDo,"Tribe",7818,427.43
dYs4zJcvyBbCtbK4RZMf,"The Extraordinary Vibe",6685,1180.58
EonYeY7xZstJzZPPxKBu,"Power of Context",5911,1371.36
WCUAgH7g6vFcuEV0uYFv,"Sowing Seeds",5816,1284.31
veyd4PvH6uGrSkTn1sab,"Filter Installation Part 1",5737,581.21
ydPc1u2qklcA4rYgvXv0,"Significance Of FIRST Success",4230,382.01
DtfYXABaJDKDn7Dklqz6,"Predictive Intelligence",4052,1118.09
afCbvIbKUG593872jX1A,"When to Leap, When to Layer",3203,164.53
WkttNp4qlYtdgHPtj4Ha,"Betty Erickson technique",2926,497.23
hJW35np3iedCHIVnd7zD,"Filter Installations Part 2",2819,895.65
3ULyfgZ9RmoH8BnM10sV,"Timeless Passions & Everlasting Pursuits",2501,359.38
mI53SQzOYHOBntWaQPrk,"DJEMBE Trance Induction",2121,673.97
yvkHbarHtYZNK6RMaJsQ,"The Pursuit of Purpose",2093,395.72
FBV1tkMVgRMe927jupN4,"The Business of Evolving people",2019,700.62
4P79rny7O7bWMskz6dvo,"Transferring Experiences",1884,106.9
FQLp0WKTQ5q7criDwDRA,"Multiply Success",1729,277.39
A12oHDrYIcpT2eEXuigE,"Doing Great things",1573,150.26
2FfEsk4Uq2ftHirXg2ml,"Convince like a Charm",1556,301.73
bVE7NgJkn11Vv3yFF5ji,"Hierarchy",1502,416.48
iZrL0nzVMPwZscBuzRKf,"The Magic Love Potion",1471,246.41
QTg0n57Jr6udF22Q5PyG,"Perfect Match",1431,543.3
xT7ooiFtdxJHKoH2sdeO,"MRIDANGAM Trance Induction",1249,545.9
cx3PkeNsg0WbcPyaP9Ap,"Expressive Gains",1042,113.61
0HrDGJXQU52BvW7iLKQF,"Material & Energy",1027,103.5
xrtHmVIGIlx8dAh1jpKp,"Forge old passions with new passions",807,138.33
DzPQ9zmqFDo6lauI3dcn," Nullifying the Nullifiers",804,94.23
3dLlKGXOof7GV7iazjmK,"Category Shift",721,129.12
dSqhMhUfAUnBjWzzR0jV,"Earn it!",570,119.12
1gDKh2uGbz4BIGVWwyQJ,"Get it, again!",166,25.55
1zesRIKpG0CAnJQMWTGS,"The Magic 10 Minutes to Create New Habits",128,16.14
XUAquxbg2oGLSQbE35Xy,"Unlimited Access to Self",83,7.59
7Kvk1bFlloZXuxLUi9F2,"Training Your Intuition to Make Better Decisions",46,6.09
puHQSqRg8PqsaXDguIpv,"Be Your Own Coach, Effectively",45,6.68
dv0a1hTgECF7PhToc4ad,"Can Personal Mastery Help in Fighting Allergies?",14,1.4
0oCsSH6eUnRhYJsvkqw5,"A Framework for Finer Exploration of Human Behaviour ",3,0.08
